{
    "best_coil_phase": [
        3.2452630522143604,
        3.765491729542462,
        4.218482663542066,
        5.3609925312236815,
        0.09922560695855438,
        0.6625764248717273,
        2.0641343704079005,
        2.5572327532780146
    ],
    "best_coil_amplitude": [
        0.9073810366123711,
        0.8049976351654363,
        0.7855987039674207,
        0.6647648350016823,
        0.5723188643399583,
        0.4993901729535176,
        0.8947231604449538,
        0.9044303815857644
    ],
    "best_coil_config_cost": 2.013657315546874,
    "default_coil_config_cost": 1.3905104343978598,
    "cost_improvement_absolute": 0.6231468811490144,
    "cost_improvement_relative": 0.44814254228797573,
    "cost_function_name": "B1HomogeneityCost",
    "cost_function_direction": "maximize",
    "simulation_data": "children_0_tubes_2_id_19969"
}