{
    "best_coil_phase": [
        1.0158957871042968,
        1.9751280615261866,
        2.8051336982377038,
        3.2592966708163047,
        3.8674358775198536,
        4.48035509352161,
        5.803248277742239,
        0.5663555473623718
    ],
    "best_coil_amplitude": [
        0.6066863477409671,
        0.5768287899435441,
        0.742093320526291,
        0.8122043267760444,
        0.7193182084419507,
        0.5810415083066242,
        0.5365094107282224,
        0.6118921810409305
    ],
    "best_coil_config_cost": 1.9466110905720226,
    "default_coil_config_cost": 1.3587128394716803,
    "cost_improvement_absolute": 0.5878982511003423,
    "cost_improvement_relative": 0.4326876393756165,
    "cost_function_name": "B1HomogeneitySARCost",
    "cost_function_direction": "maximize",
    "simulation_data": "children_0_tubes_2_id_19969"
}