{
    "best_coil_phase": [
        3.954624465777988,
        4.941490189178983,
        5.600779531908303,
        0.35046946829223297,
        1.2036063519580682,
        2.014270263818762,
        2.819859047187126,
        3.2513633397713475
    ],
    "best_coil_amplitude": [
        0.562395311680252,
        0.43977808658377765,
        0.47845737262713584,
        0.45909245137586235,
        0.5145941868000266,
        0.6224102407457885,
        0.737564132771908,
        0.7262209689906476
    ],
    "best_coil_config_cost": 2.0498675488089764,
    "default_coil_config_cost": 1.3905104343978598,
    "cost_improvement_absolute": 0.6593571144111166,
    "cost_improvement_relative": 0.4741835070778462,
    "cost_function_name": "B1HomogeneityCost",
    "cost_function_direction": "maximize",
    "simulation_data": "children_0_tubes_2_id_19969"
}