{
    "best_coil_phase": [
        2.6393767625992313,
        3.5422104784949413,
        4.680670391862176,
        1.9959272287433403,
        3.5628296982190233,
        3.9711180235771293,
        5.17507626476057,
        1.9734510947534203
    ],
    "best_coil_amplitude": [
        0.9813845348829926,
        0.8229662351559487,
        0.7513835007231601,
        0.2619399553679095,
        0.7917200524129876,
        0.8767553374767396,
        0.11698341187968275,
        0.7504015793959711
    ],
    "best_coil_config_cost": 1.6193252728919165,
    "default_coil_config_cost": 1.4272693611913037,
    "cost_improvement_absolute": 0.19205591170061287,
    "cost_improvement_relative": 0.1345617841472537,
    "cost_function_name": "B1HomogeneitySARCost",
    "cost_function_direction": "maximize",
    "simulation_data": "children_0_tubes_2_id_19969"
}